브랜드, 제품명, 가격, 리뷰개수
커버낫,에센셜 쿨 코튼 2-PACK 티셔츠,39200원,32143
페플,[패키지][페플] 스테이 얼론 + 보드마스터 그래픽 티셔츠 2PACK ( JDST1315+JDST1358),34900원,3605
예일,[COOL COTTON] 2PACK SMALL ARCH TEE WHITE / BLACK,23400원,2547
예일,[최현욱 착용] (22SS) 2 TONE ARCH TEE WHITE,27300원,7633
제멋,[패키지] 핀스 오버핏 카라 반팔티 2PACK YHST2354,47900원,4503
리,빅 트위치 로고 티셔츠 화이트,28000원,21837
트래블,미시간 울버린 피그먼트 반팔티 블랙차콜,29900원,15947
예일,(22SS) 2 TONE ARCH TEE ROYAL BLUE,27300원,2777
퍼스텝,[패키지] 2pack 페인트쿨링 피그먼트 반팔 SMST4431,38800원,1737
디스이즈네버댓,DSN-Logo Tee White,31500원,1773
팔렛,듀스 네로 반팔티 화이트,36550원,2681
마르디 메크르디,TSHIRT FLOWERMARDI_IVORY NAVY,37800원,4546
예일,[ONEMILE WEAR] 2PACK SMALL ARCH TEE WHITE / BLACK,39000원,4948
코드그라피,[송필드 PICK] [SET] CGP 아치 로고 반팔 크루넥 셋업_멜란지그레이,49900원,1189
트래블,8/2 배송 액티비티 클럽 피그먼트 반팔티 크림,29900원,3208
비전스트릿웨어,VSW Puppy T-Shirts White,34400원,1536
디스이즈네버댓,T-Logo Tee Black,31500원,1059
마르디 메크르디,TSHIRT FLOWERMARDI_WHITE GREEN,37800원,6973
쿠어,2PACK 수피마 코튼 티셔츠,45400원,2596
칼하트,포켓반팔티 K87 남여공용 기본티 반팔 모음,29900원,2780
비바스튜디오,BLACK CAT TEE [WHITE],35100원,3629
예일,(22SS) EMBROIDERY UNIVERSITY DAN TEE WHITE,27300원,12798
이벳필드,쿨코튼 2-PACK 베츠 기본 반팔 티셔츠 블랙/화이트,31850원,8507
리,빅 트위치 로고 티셔츠 블랙,28000원,6117
러브이즈트루,IN LOVE TEE(WHITE),27200원,5257
스파오,(우디) 그래픽 반팔 티셔츠_SPRPC24C08,19900원,1627
아웃스탠딩,V.O.C TEE (OLYMPIA)_WHITE,27300원,5081
페플,[패키지] 더블코튼 무지반팔 패키지 KHST1011,29900원,6867
비바스튜디오,93 TEE [WHITE],37800원,1060
브라운브레스,[김스테파니헤리 착용] TAG KP TEE - BLACK,32400원,2658
코드그라피,[송필드 PICK] [SET] CGP 심플 로고 반팔 크루넥 셋업_오트밀,49900원,781
예스아이씨,[깡스타일리스트 PICK] Racing 22 Tee White,31500원,2516
캘빈클라인 진,[정호연 착용] 여 J218885 YAF 화이트 스트레이트핏 모노그램 로고 반팔 티셔츠,71100원,1275
마뗑킴,MATIN KIM LOGO SILKET CROP TOP,39000원,4778
디스이즈네버댓,T-Logo Tee White,31500원,1101
엠엠엘지,[Mmlg] 19MG HF-T (WHITE),29400원,7761
피지컬 에듀케이션 디파트먼트,PHYPS® YOGA BEGINNER CLASS SS LIGHT GRAY,25200원,3801
예스아이씨,[깡스타일리스트 PICK] C-Logo Tee White,29400원,1448
마르디 메크르디,TSHIRT UNIV_NAVY CREAM,40500원,684
그루브라임,[패키지] 10TH ANNIVERSARY 3PACK T-SHIRTS EDITION,39000원,4676
폴로 랄프 로렌,커스텀 슬림 핏 코튼 티셔츠 - 블랙,109000원,644
와릿이즌,더블 엔젤 와펜 반팔 티셔츠 블랙,23400원,4922
이벳필드,EBFD 베츠 반팔 티셔츠 블루,27300원,6851
커버낫,라인 서퍼맨 티셔츠 화이트,27300원,12984
세터,카프리 시트론 레트로 썸머 그래픽 반팔 티셔츠 세터데이 아이보리,89000원,409
프렌다,PRDA DENIM PATCH CREWNECK TEE WHITE,31300원,2168
아웃도어 프로덕츠,백로고 3팩 반팔 티셔츠 BACKLOGO 3PACK TS,39900원,4217
메종미네드,MIXED BOUCLE KNIT HALF SLEEVE BLACK,49000원,1522
코드그라피,[송필드 PICK] [쿨코튼] CGP 스몰로고 2PACK 티셔츠,29900원,2487
캘빈클라인 진,남 블랙 레귤러핏 인스티튜셔널 로고 스트레치 반팔 티셔츠 J321612 BEH,45000원,1897
예일,[최현욱 착용] (22SS) UNIVERSITY DAN TEE NAVY / RED,29400원,4644
소버먼트,cut-heavy PIGMENT tshirts(CHARCOAL),33500원,1805
리,8/16 배송 빅 트위치 로고 티셔츠 그린,31500원,4490
나이키,[세트] 반팔티+반바지,56700원,3235
코드그라피,[구효민 PICK] [쿨코튼] CGP 아치 로고 티셔츠,19900원,3487
꼼파뇨,Dont Cry Teddy 피그먼트 반팔티 스모크블랙,31200원,871
캘빈클라인 진,[박서준 착용] 남 화이트 레귤러핏 인스티튜셔널 로고 스트레치 반팔 티셔츠 J321612 YAF,45000원,2080
무신사 스탠다드,릴렉스 핏 크루 넥 반팔 티셔츠 [화이트],10690원,68514
슈퍼서브,하프 집업 반팔 스웻셔츠 쇼츠 세트 [4 Colors],43450원,161
그루브라임,[패키지] NYC LOCATION T-SHIRT (16COLOR) [LRQMCTA401M],35000원,34747
폴로 랄프 로렌,커스텀 슬림 핏 코튼 티셔츠 - 화이트,109000원,528
아카이브 볼드,939 LOGO T-SHIRTS (BLACK),27300원,411
예스아이씨,[깡스타일리스트 PICK] Racing 22 Tee Black,31500원,1242
디파이클럽로버스,Punk sisters,36800원,866
예일,[ONEMILE WEAR] 2PACK SMALL ARCH TEE WHITE / NAVY,23400원,956
브라운브레스,[신스 착용] CLOUD TAG TEE - BLACK,44100원,305
리,빅 트위치 로고 티셔츠 레드,28000원,4522
팔렛,듀스 네로 반팔티 피그먼트 차콜,36550원,1117
무신사 스탠다드,[쿨탠다드] 릴렉스 핏 크루 넥 반팔 티셔츠 [블랙],14290원,9132
커버낫,아치 로고 티셔츠 화이트,27300원,15114
캘빈클라인 진,[박서준 착용] 남 J320770 YAF 화이트 클래식 모노그램 로고 반팔 티셔츠,71100원,1221
리트리버클럽,RETRIEVER FRIENDS SHORT SLEEVE [WHITE],35700원,534
마르디 메크르디,TSHIRT FLOWERMARDI_WHITE VIOLET,37800원,2453
카멜워크,웨이크보드 반팔티셔츠(블랙),22500원,790
마르디 메크르디,TSHIRT FLOWERMARDI_BLACK CREAM,37800원,2032
스컬프터,Kitten Boxy Tee [BLACK],29400원,2553
무신사 스탠다드,릴렉스 핏 크루 넥 반팔 티셔츠 [블랙],10690원,40123
마르디 메크르디,TSHIRT UNIV_OATMEAL BLACK,40500원,299
와릿이즌,스몰 사인로고 반팔 티셔츠 블랙,22750원,9282
마리떼,W CLASSIC LOGO TEE white,35100원,2393
마르디 메크르디,TSHIRT RING WITH ROCK_BLACK,40500원,334
예일,(22SS) UNIVERSITY DAN TEE WHITE / RED,29400원,7308
무신사 스탠다드,[쿨탠다드] 릴렉스 핏 크루 넥 반팔 티셔츠 2팩,26990원,4954
폴로 랄프 로렌,[우먼즈] 코튼 크루넥 티 - 화이트,109000원,73
팔렛,세렝게TEE 차콜,36550원,358
와릿이즌,블루밍 슈무 아치로고 반팔 티셔츠 화이트,27300원,32
커버낫,쿨 코튼 2-PACK 티셔츠 화이트,34400원,2863
와릿이즌,플로리 로고 반팔 티셔츠 화이트,27300원,451
예일,(22SS) UNIVERSITY DAN TEE BLACK / BLUE,29400원,2881
디스이즈네버댓,DSN-Logo Tee Black,31500원,649
