,제목,조회수
0,제작진놈들의 계속되는 캠핑 강행군에 탈출을 시도하는 도시러버 백종원의 모습입니다,9.3
1,명란대첩 │ 나에게는 아직 12개의 명란이 남아 있쥬~ 부럽쥬?,12.0
2,백종원 광고 단가 수준,82.0
3,초코파이탕,13.0
4,"방년 11세 소년 백종원, 고등어통조림조림을 만들다",7.3
5,"무한동력, 드디어 발견했다! 무한정 들어가는 하이볼+명란 구이로 완성한 무한 음주 공식!",22.0
6,밥 먹고 바로 빵 먹기 가능? 제대로 끝장 보는 백종원식 풀소유 캠핑 먹부림!,9.0
7,집종원은 사실 캠핑이 체질? 나 분명 캠핑 싫어하는데 왜 이렇게 잘해!,15.0
8,나이트에서 짝 찾으려다 맥주만 짝으로 먹고 온 썰,12.0
9,🦆: 여보 여기 있던 내 알 못 봤어요?│메추리알 장조림,22.0
10,백종원식 불먹,76.0
11,🍅케첩이 된 멋쟁이 토마토! 나폴리탄으로 업그레이드해줬습니다!🍅,12.0
12,오늘따라 야장 가고 싶네... 청양고추 잔뜩 넣은 번데기탕에 감귤 향 터지는 미상 한 병? 오늘 나 집에 안 가!,8.8
13,[제1회 주주총회_EP.3]드디어 증류주 먹는다!🍶 자기야! 내가 원했던 게 이거자나!🙌 취기를 빌려 고백하는 주당들의 술 취향까지😚,4.9
14,[모집 공고] 우리 장사 이야기로 소통 좀 할까요?,6.9
15,단돈 2천원으로 방구석 피서! 다람이 거🐹 도토리🌰 뺏어 만든 쿨내 폴폴❄ 묵사발,26.0
16,백종원 방송 역사상 가장 힘들었던 프로그램,28.0
17,92년... 아마 그때 우린 뽀글이에 미쳤었죠,34.0
18,[제1회 주주총회_EP.2] 팬톤 선정 올해의 컬러 '막걸리 레드'🍓 인★갬성 제대로 즐기는 새콤달콤오색 막걸리 PARTY!🎉,4.5
19,21살 종원의 최애 영화(므흣) #shorts,26.0
20,세상에서 게맛살 제일 맛있게 먹는 법!(TIP. 에어프라이어로 불맛 내기),23.0
21,[제1회 주주총회_EP.1] 체내 알코올 농도 100% 주당들의 잔망 넘치는 전통주 시음기,10.0
22,내가 엘든링 7번 깬 비법,353.0
23,『흑종원 박제』 좋아요를 눌러 JOY를 표하십시오,18.0
24,우유 크림 파스타 만들어서 먹어볼 도전자를 찾습니다.,14.0
25,와우 밥장사로 날리던 백종원이 요즘 하는 게임(결정동굴 이벤트 상품 공개) #shorts,25.0
26,[바종원 생방송 Full ver.]술자리를 함께 하지 못한 팀원 분들을 위하여,36.0
27,백종원과 한잔 하실 분 구해유🍺 생방송 실시간 술먹방 예고!,6.4
28,콩나물 해장국이 먼저냐 수란이 먼저냐? 아무튼 술 숙취엔 이거 두 개 먹고 시작입니다,24.0
29,참치김치찌개 끓이기 전에 '이거' 같이 안 해 먹으면 손해!,49.0
